id,timestamp,username,text,hashtags,geo,retweets,favorites,mentions,to,date
13752770779,2010-05-10 22:55:36+00:00,LiviLaBella,i meant to say #2010census,#2010census,,0,0,,,2010-05-10
13745990507,2010-05-10 20:23:49+00:00,TOPolk,"Working for the #census2010 isn't a bad gig, but the training is all sorts of painful. Soooo boring.",#census2010,,0,0,,,2010-05-10
13745229787,2010-05-10 20:05:23+00:00,cityofalbany,"Thank you for making a difference by participating in the #2010Census. By Taking 10, you have helped to shape the future of your community.",#2010Census,,0,0,,,2010-05-10
13744827429,2010-05-10 19:55:43+00:00,gpbnews,#Census Motivates Students Where Parents Aren't http://goo.gl/fb/YD4yl #2010census #georgiacensus,#Census #2010census #georgiacensus,,0,0,,,2010-05-10
13744590658,2010-05-10 19:49:50+00:00,dexandpartners,Congrats to our #2010Census media team and partner agencies for the @MediaWeek recognition... http://bit.ly/cFj1Vm,#2010Census,,0,0,@mediaweek,,2010-05-10
13737086127,2010-05-10 17:08:31+00:00,kineticstudio,@uscensusbureau The Enumerators are coming! http://www.youtube.com/watch?v=fIn-RWoOjSY - Funny video explains their mission for #2010census,#2010census,,0,0,@uscensusbureau,,2010-05-10
13734909621,2010-05-10 16:25:30+00:00,idrivewithash,"Hve you completed ur #Census2010 form? If not, ppl such as I will be at ur home to verify?!...",#Census2010,,0,0,,,2010-05-10
13733490562,2010-05-10 15:54:29+00:00,julio_gonzalez,did you get counted? http://stories2010.com/#/broadway #census2010,#census2010,,0,0,,,2010-05-10
13730425024,2010-05-10 14:47:34+00:00,marajade13,Talked a lot about problem houses.. I am pretty much unable to work until around seven tonight. But I do have one house to call! #2010census,#2010census,,0,0,,,2010-05-10
13725053275,2010-05-10 12:53:18+00:00,DCCensusGal,The machine couldn't read my prints. Back to #Census2010 headquarters to get refingerprinted http://bit.ly/bDcWMs,#Census2010,,0,0,,,2010-05-10
13724934076,2010-05-10 12:50:37+00:00,cityofmarietta,Thank you for making a difference by participating in the #2010Census. You have helped to shape the future of your community.,#2010Census,,0,0,,,2010-05-10
13722113297,2010-05-10 11:45:04+00:00,Zantrilla_,Okay the guy frm #Census2010 came to my window knockn last niqht round 8. Wtf like havent u heard bout all ths peo. getn killd??,#Census2010,,0,0,,,2010-05-10
13683472409,2010-05-09 19:19:44+00:00,TOPolk,That small cross-section of ppl who are #Census2010 workers &amp; #WWE fans can appreciate this: http://bit.ly/a4rYzA (via @iwearthecape),#Census2010 #WWE,,0,0,@iwearthecape,,2010-05-09
13675823955,2010-05-09 16:21:40+00:00,DCCensusGal,Isn't it ironic? Enumerators take oath to keep responses confidential yet Feds ask them 2 give their own phone #for call backs #Census2010,#Census2010,,0,0,,,2010-05-09
13664891910,2010-05-09 12:28:52+00:00,uscensusbureau,"@EthanTremaineAv Question 1 of the #2010Census: ""How many people were living or staying in this house, apartment, or mobile home on 4/1/10?""",#2010Census,,1,0,,,2010-05-09
13650076062,2010-05-09 04:58:47+00:00,DCCensusGal,Tina Fey as #Census2010 enumerator reminds me of my enumerator classmates LOL #SNL #BettyWhite is hilarious! Hope no interviewees like that!,#Census2010 #SNL #BettyWhite,,0,0,,,2010-05-09
13650030494,2010-05-09 04:57:44+00:00,MeMo07,Oh shit....this is going to give people ideas. LMAO... #2010CENSUS #SNL,#2010CENSUS #SNL,,0,0,,,2010-05-09
13631525391,2010-05-08 22:16:11+00:00,one39,This job is a nightmare. #census2010,#census2010,,0,0,,,2010-05-08
13627828845,2010-05-08 20:38:25+00:00,yayponies,"Just in case we weren't counted enough times, we just got counted AGAIN for the #2010census. Officially gay and married, take THAT US govt!",#2010census,,0,0,,,2010-05-08
13626716479,2010-05-08 20:09:28+00:00,IM2SXZ4U,How bout I had to go in to work for a few hours. #2010census,#2010census,,0,0,,,2010-05-08
13624308153,2010-05-08 19:08:32+00:00,flywonder03,U should have filled out the census and sent it back RT @TheRealSchye: This #2010Census lady is in my house!!!!!!!! #GetOUT!!!!!!!!!!!!!!!,#2010Census #GetOUT,,0,0,@TheRealSchye,,2010-05-08
13623762327,2010-05-08 18:55:22+00:00,TheRealSchye,Aaaaaaw what the heck..................! I feel like bein nice..... #2010Census #BeCounted,#2010Census #BeCounted,,0,0,,,2010-05-08
13623654684,2010-05-08 18:52:42+00:00,TheRealSchye,I dont mean to be all mean n things about the #2010Census but um I'd rather not give out my phone numba Lady!,#2010Census,,0,0,,,2010-05-08
13623582855,2010-05-08 18:50:57+00:00,TheRealSchye,This #2010Census lady is in my house!!!!!!!! #GetOUT!!!!!!!!!!!!!!!,#2010Census #GetOUT,,0,0,,,2010-05-08
13612864188,2010-05-08 15:06:24+00:00,Gatita808,Oh my berry! tan buena k taba mi camita hoy y me vienen a levantar pa hacer el jodio #CENSUS2010 #nohaysuerte,#CENSUS2010 #nohaysuerte,,0,0,,,2010-05-08
13611650454,2010-05-08 14:43:48+00:00,DCCensusGal,A jury of your peers went before a judge and attorneys for questions. A class of census enumerators should also be interviewed #Census2010,#Census2010,,0,0,,,2010-05-08
13610751383,2010-05-08 14:25:51+00:00,marajade13,That house kept me waiting outside in the rain for 5-10 minutes... Time to head to my meeting.... #2010census,#2010census,,0,0,,,2010-05-08
13610628145,2010-05-08 14:23:18+00:00,sweetandcute09,Just filled out the #census2010,#census2010,,0,0,,,2010-05-08
13575408496,2010-05-07 23:21:59+00:00,dmackdaddy,"Our economy added 290,000 jobs in April, how many of those were #census2010 workers? #jobsreports",#census2010 #jobsreports,,0,0,,,2010-05-07
13572973772,2010-05-07 22:26:44+00:00,marajade13,"Well... That house was so nice, it almost made up for getting the door slammed in my face earlier... #2010census",#2010census,,0,0,,,2010-05-07
13571881989,2010-05-07 22:01:24+00:00,BronxBebe,"RT @CHICAGO721: If someone comes to your door saying they are with #2010Census, make sure you see their Census Badge",#2010Census,,0,0,@CHICAGO721,,2010-05-07
13571244728,2010-05-07 21:46:16+00:00,marajade13,Been in the field for almost two hours! I have three completed interviews to show for it. #goddamnit #2010census,#goddamnit #2010census,,0,0,,,2010-05-07
13567586630,2010-05-07 20:19:31+00:00,marajade13,Back into the field I go! Though I feel rather ill.... My stomach is giving me all sorts of trouble... x.x; #2010census,#2010census,,0,0,,,2010-05-07
13567506350,2010-05-07 20:17:37+00:00,MarisaDeVonish,Hahaha. I sent them!!! #2010Census RT @CellyD: Census man in my house. Am I going to jail??,#2010Census,,0,0,@CellyD,,2010-05-07
13566238503,2010-05-07 19:47:56+00:00,getcurious,Just worked 9:00 - 3:45 for the Dept of Commerce. I'm a good honeybee! #2010Census,#2010Census,,0,0,,,2010-05-07
13563808602,2010-05-07 18:51:04+00:00,HighlightTech,RT @uscensusbureau Mediaweek names #2010Census advertising Best Multicultural and Best Branded Campaign http://bit.ly/cFj1Vm Congrats!,#2010Census,,0,0,@uscensusbureau,,2010-05-07
13563700834,2010-05-07 18:48:29+00:00,draper1206,w00t! I just got Census-tized. #Census2010,#Census2010,,0,0,,,2010-05-07
13562289936,2010-05-07 18:15:50+00:00,uscensusbureau,Mediaweek names #2010Census advertising Best Multicultural and Best Branded Campaign of the year - http://bit.ly/cFj1Vm,#2010Census,,9,0,,,2010-05-07
13560443060,2010-05-07 17:34:49+00:00,WLIHA,RT: Watch the webinar online: 2010 Census: The Door to Door Count @http://readytalk.com/v/ecvec #webinar #census #census2010 (via @NVEN),#webinar #census #census2010,,0,0,,,2010-05-07
13559699570,2010-05-07 17:18:54+00:00,BreezySzn,*dead* RT @Flash_E: RT @kay1023: ...I mail EVERYTHING late.&lt;--Only way we can move forward is if you mail it back #2010Census,#2010Census,,0,0,@Flash_E @kay1023,,2010-05-07
13559687222,2010-05-07 17:18:37+00:00,NpVOTE,Watch our last webinar online: 2010 Census: The Door to Door Count @http://readytalk.com/v/ecvec #webinar #census #census2010,#webinar #census #census2010,,1,0,,,2010-05-07
13557773927,2010-05-07 16:38:08+00:00,CityofHoboken,"Hey #Hoboken we are 69%, we need to get everyone involved in the city! Please fill out your Census form #Hoboken #NJ #Census2010",#Hoboken #Hoboken #NJ #Census2010,,1,0,,,2010-05-07
13556265398,2010-05-07 16:06:34+00:00,DCCensusGal,"The training manual warns enumerators to be careful of black ice. It's May in Washington, DC. I hope they're kidding. #Census2010",#Census2010,,1,0,,,2010-05-07
13549257382,2010-05-07 13:41:53+00:00,DCCensusGal,How many government workers does it take to come up with all those #Census2010 acronyms?,#Census2010,,0,0,,,2010-05-07
13547888469,2010-05-07 13:13:35+00:00,marajade13,Meeting over. Talked about a bunch of stull... Hoping today goes better than previous days in terms of interviews... #2010census,#2010census,,0,0,,,2010-05-07
13537485348,2010-05-07 08:37:07+00:00,ClemensWasner,"Census worker just left, took about 2 minutes. Very few and general questions. #Beijing #China #Census2010",#Beijing #China #Census2010,,0,0,,,2010-05-07
13529307325,2010-05-07 04:30:59+00:00,ErieGayNews,#LGBT Communities of Color Unite for the 2010 #Census http://is.gd/bXUCs @rfamiliescount #2010census #census2010 #latino #gay #lgbt #trans,#LGBT #Census #2010census #census2010 #latino #gay #lgbt #trans,,0,0,@rfamiliescount,,2010-05-07
13521897168,2010-05-07 01:58:50+00:00,IanSimp,"What's a CLA? RT @roamenumerator Sadly, I was not chosen to be a CLA. What up with that? #census2010",#census2010,,0,0,@roamenumerator,,2010-05-07
13521057902,2010-05-07 01:42:04+00:00,Jayson510,why fill out the #census2010 if they are not gonna process it????,#census2010,,0,0,,,2010-05-07
13516605506,2010-05-07 00:10:25+00:00,newscaster,Irene at RI @uscensusbureau just told me I am not the first person to call to say I mailed it in but got a $59 visit #2010census #FAIL,#2010census #FAIL,,0,0,@uscensusbureau,,2010-05-07
13516376808,2010-05-07 00:05:43+00:00,newscaster,"I have to ask, @uscensusbureau, how am I assured that our family isn't counted twice, I mean you can't even mail correctly #2010census #FAIL",#2010census #FAIL,,0,0,@uscensusbureau,,2010-05-07
13516278925,2010-05-07 00:03:46+00:00,newscaster,"Came home today to notice of visit from @uscensusbureau, the thing is I already sent in my form which they mailed 3x, WASTEFUL #2010census",#2010census,,0,0,@uscensusbureau,,2010-05-07
13510847749,2010-05-06 22:09:51+00:00,DCCensusGal,How can enumerators who passed the difficult #Census2010 screening test not know the difference between race and nationality?,#Census2010,,0,0,,,2010-05-06
13510724673,2010-05-06 22:07:02+00:00,DCCensusGal,I used to think there was no such thing as a dumb question. Today I learned differently. #census2010,#census2010,,0,0,,,2010-05-06
13510534704,2010-05-06 22:02:48+00:00,DCCensusGal,"The number one reason for many of my training colleagues accepting positions as #census2010 enumerators? ""I need the money""",#census2010,,0,0,,,2010-05-06
13505607876,2010-05-06 20:08:25+00:00,IEquality,#LGBT communities of color unite for #Census2010 http://bit.ly/aYCYLG @rfamiliescount,#LGBT #Census2010,,0,1,@rfamiliescount,,2010-05-06
13503992105,2010-05-06 19:29:26+00:00,velmalikevelvet,Just talked to the Census enumerator. Painless! #census2010,#census2010,,1,0,,,2010-05-06
13503800846,2010-05-06 19:24:46+00:00,MoCheeks,I've been counted! #Census2010,#Census2010,,0,0,,,2010-05-06
13495899789,2010-05-06 16:25:01+00:00,BlkHoLLyWooD21,This #Census2010 people have wore me out for da Day!!!,#Census2010,,0,0,,,2010-05-06
13489755299,2010-05-06 14:17:34+00:00,edokeefe,"#Census computer glitch could drive up costs, jeopardize the #2010census count: http://twurl.nl/t4uqoe",#Census #2010census,,0,0,,,2010-05-06
13485718227,2010-05-06 12:55:09+00:00,DCCensusGal,"You have to raise an eyebrow when even the trainer calls the training materials ""boring"" #Census2010",#Census2010,,0,0,,,2010-05-06
13485638691,2010-05-06 12:53:27+00:00,DCCensusGal,There's one in every crowd. Constant chatter from the class clown was annoying but one utterance made me laugh so hard I cried #census2010,#census2010,,0,0,,,2010-05-06
13484085392,2010-05-06 12:19:17+00:00,DCCensusGal,Practice makes perfect: Day 4 of enumerator training includes interviews and locating residences that did not return #Census2010 forms,#Census2010,,0,0,,,2010-05-06
13480987620,2010-05-06 11:02:23+00:00,CACensus2010,What Can U Do? Log on to www.californiacompletecount.org and join the network of California Census supporters. #census2010,#census2010,,0,0,,,2010-05-06
13472499457,2010-05-06 06:22:21+00:00,CACensus2010,"Did U Know? In 2000, Contra Costa County achieved a 75% response rate, one of the highest among Bay Area counties. #census2010",#census2010,,0,0,,,2010-05-06
13468961444,2010-05-06 04:24:26+00:00,DCCensusGal,Being a Census Enumerator requires flexibility. That's what we're taught in our training. If only the trainer was flexible. #Census2010,#Census2010,,0,0,,,2010-05-06
13468515916,2010-05-06 04:14:00+00:00,DCCensusGal,Day four of #Census2010 training begins soon,#Census2010,,0,0,,,2010-05-06
13467808430,2010-05-06 03:58:08+00:00,sacampbell0181,@RolandSMartin1 The King family unite for the @uscensusbureau #2010census - http://tinyurl.com/23q4qul,#2010census,,0,0,@RolandSMartin1 @uscensusbureau,,2010-05-06
13467731158,2010-05-06 03:56:25+00:00,sacampbell0181,@TheMoniqueShow The King family unite for the @uscensusbureau #2010census - http://tinyurl.com/23q4qul,#2010census,,0,0,@uscensusbureau,,2010-05-06
13467165899,2010-05-06 03:44:26+00:00,sacampbell0181,@BMcKnightShow The King family unite for the @uscensusbureau #2010census - http://tinyurl.com/23q4qul,#2010census,,0,0,@uscensusbureau,,2010-05-06
13467133868,2010-05-06 03:43:44+00:00,sacampbell0181,@BaisdenLive The King family unite for the @uscensusbureau #2010census - http://tinyurl.com/23q4qul,#2010census,,0,0,@BaisdenLive @uscensusbureau,,2010-05-06
13467093238,2010-05-06 03:42:52+00:00,sacampbell0181,@truthfighter1 The King family unite for the @uscensusbureau #2010census - http://tinyurl.com/23q4qul,#2010census,,0,0,@truthfighter1 @uscensusbureau,,2010-05-06
13467073820,2010-05-06 03:42:27+00:00,sacampbell0181,@warrenballentin The King family unite for the @uscensusbureau #2010census - http://tinyurl.com/23q4qul,#2010census,,0,0,@warrenballentin @uscensusbureau,,2010-05-06
13467008568,2010-05-06 03:41:05+00:00,sacampbell0181,@nprlive The King family unite for the @uscensusbureau #2010census - http://tinyurl.com/23q4qul,#2010census,,0,0,@uscensusbureau,,2010-05-06
13466829104,2010-05-06 03:37:14+00:00,sacampbell0181,@on_the_media The King family unite for the @uscensusbureau #2010census - http://tinyurl.com/23q4qul,#2010census,,0,0,@on_the_media @uscensusbureau,,2010-05-06
13466542376,2010-05-06 03:31:23+00:00,sacampbell0181,@nprfreshair The King family unite for the @uscensusbureau #2010census - http://tinyurl.com/23q4qul,#2010census,,0,0,@nprfreshair @uscensusbureau,,2010-05-06
13466512241,2010-05-06 03:30:47+00:00,sacampbell0181,@NPR The King family unite for the @uscensusbureau #2010census - http://tinyurl.com/23q4qul,#2010census,,0,0,@NPR @uscensusbureau,,2010-05-06
13466363874,2010-05-06 03:27:54+00:00,sacampbell0181,@nprnews The King family unite for the @uscensusbureau #2010census - http://tinyurl.com/23q4qul,#2010census,,0,0,@nprnews @uscensusbureau,,2010-05-06
13466334408,2010-05-06 03:27:20+00:00,sacampbell0181,@nprpolitics The King family unite for the @uscensusbureau #2010census - http://tinyurl.com/23q4qul,#2010census,,0,0,@nprpolitics @uscensusbureau,,2010-05-06
13466276756,2010-05-06 03:26:11+00:00,sacampbell0181,@thebevsmithshow The King family unite for the @uscensusbureau #2010census - http://tinyurl.com/23q4qul,#2010census,,0,0,@thebevsmithshow @uscensusbureau,,2010-05-06
13466234967,2010-05-06 03:25:20+00:00,CACensus2010,"Census Fact - 2010 Census does not ask for your social security number, bank account info or income. http://tiny.cc/census36 #census2010",#census2010,,0,0,,,2010-05-06
13466082288,2010-05-06 03:22:16+00:00,sacampbell0181,@SteveOnTheRadio The King family unite for the @uscensusbureau #2010census - http://tinyurl.com/23q4qul,#2010census,,0,0,@SteveOnTheRadio @uscensusbureau,,2010-05-06
13466044699,2010-05-06 03:21:30+00:00,sacampbell0181,@IAmSteveHarvey The King family unite for the @uscensusbureau #2010census - http://tinyurl.com/23q4qul,#2010census,,0,0,@IAmSteveHarvey @uscensusbureau,,2010-05-06
13464788196,2010-05-06 02:58:23+00:00,sacampbell0181,@TerrenceJ106 The King family unite for the @uscensusbureau #2010census - http://tinyurl.com/23q4qul,#2010census,,0,0,@terrenceJ106 @uscensusbureau,,2010-05-06
13464039958,2010-05-06 02:46:12+00:00,sacampbell0181,@SherriEShepherd The King family unite for the @uscensusbureau #2010census - http://tinyurl.com/23q4qul,#2010census,,0,0,@SherriEShepherd @uscensusbureau,,2010-05-06
13463985802,2010-05-06 02:45:13+00:00,sacampbell0181,@TJMShow The King family unite for the @uscensusbureau #2010census - http://tinyurl.com/23q4qul,#2010census,,0,0,@TJMShow @uscensusbureau,,2010-05-06
13463927032,2010-05-06 02:44:05+00:00,sacampbell0181,@Wendywilliams The King family unite for the @uscensusbureau #2010census - http://tinyurl.com/23q4qul,#2010census,,0,0,@WendyWilliams @uscensusbureau,,2010-05-06
13463898926,2010-05-06 02:43:32+00:00,sacampbell0181,@wendyshows The King family unite for the @uscensusbureau #2010census - http://tinyurl.com/23q4qul,#2010census,,0,0,@wendyshows @uscensusbureau,,2010-05-06
13463876865,2010-05-06 02:43:07+00:00,sacampbell0181,@TsWendyWilliams The King family unite for the @uscensusbureau #2010census - http://tinyurl.com/23q4qul,#2010census,,0,0,@TsWendyWilliams @uscensusbureau,,2010-05-06
13463844196,2010-05-06 02:42:28+00:00,sacampbell0181,@WendyShow The King family unite for the @uscensusbureau #2010census - http://tinyurl.com/23q4qul,#2010census,,0,0,@WendyShow @uscensusbureau,,2010-05-06
13463774992,2010-05-06 02:41:04+00:00,sacampbell0181,@MattyShow The King family unite for the @uscensusbureau #2010census - http://tinyurl.com/23q4qul,#2010census,,0,0,@MattyShow @uscensusbureau,,2010-05-06
13463712284,2010-05-06 02:39:50+00:00,sacampbell0181,@Oliviafoxradio The King family unite for the @uscensusbureau #2010census - http://tinyurl.com/23q4qul,#2010census,,0,0,@Oliviafoxradio @uscensusbureau,,2010-05-06
13463607872,2010-05-06 02:37:44+00:00,matthewkalik,Just saw my first legit 'goodyear' blimp and it was for the #census ! Haha #census2010 http://twitpic.com/1lepor,#census #census2010,,0,0,,,2010-05-06
13463124023,2010-05-06 02:28:16+00:00,sacampbell0181,@ninabrown The King family unite for the @uscensusbureau #2010census - http://tinyurl.com/23q4qul,#2010census,,0,0,@NinaBrown @uscensusbureau,,2010-05-06
13462693650,2010-05-06 02:19:54+00:00,sacampbell0181,@joyvbehar The King family unite for the @uscensusbureau #2010census - http://tinyurl.com/23q4qul,#2010census,,0,0,@JoyVBehar @uscensusbureau,,2010-05-06
13462330264,2010-05-06 02:12:44+00:00,sacampbell0181,@naacpla The King family unite for the @uscensusbureau #2010census - http://tinyurl.com/23q4qul,#2010census,,0,0,@naacpla @uscensusbureau,,2010-05-06
13462237770,2010-05-06 02:10:58+00:00,sacampbell0181,@NewRocNAACP_YC The King family unite for the @uscensusbureau #2010census - http://tinyurl.com/23q4qul,#2010census,,0,0,@NewRocNAACP_YC @uscensusbureau,,2010-05-06
13462210775,2010-05-06 02:10:29+00:00,sacampbell0181,@morehousenaacp The King family unite for the @uscensusbureau #2010census - http://tinyurl.com/23q4qul,#2010census,,0,0,@MorehouseNAACP @uscensusbureau,,2010-05-06
13462185624,2010-05-06 02:10:01+00:00,sacampbell0181,@NAACPModesto The King family unite for the @uscensusbureau #2010census - http://tinyurl.com/23q4qul,#2010census,,0,0,@uscensusbureau,,2010-05-06
13462149992,2010-05-06 02:09:22+00:00,sacampbell0181,@FAMU_NAACP The King family unite for the @uscensusbureau #2010census - http://tinyurl.com/23q4qul,#2010census,,0,0,@FAMU_NAACP @uscensusbureau,,2010-05-06
13462113671,2010-05-06 02:08:42+00:00,sacampbell0181,@naacpdc The King family unite for the @uscensusbureau #2010census - http://tinyurl.com/23q4qul,#2010census,,0,0,@naacpdc @uscensusbureau,,2010-05-06
13462066687,2010-05-06 02:07:50+00:00,sacampbell0181,@PittsburghNAACP The King family unite for the @uscensusbureau #2010census - http://tinyurl.com/23q4qul,#2010census,,0,0,@PittsburghNAACP @uscensusbureau,,2010-05-06
13462000726,2010-05-06 02:06:40+00:00,sacampbell0181,@nhbureau The King family unite for the @uscensusbureau #2010census - http://tinyurl.com/23q4qul,#2010census,,0,0,@nhbureau @uscensusbureau,,2010-05-06
13461924099,2010-05-06 02:05:20+00:00,sacampbell0181,@NAACPSeattleKC The King family unite for the @uscensusbureau #2010census - http://tinyurl.com/23q4qul,#2010census,,0,0,@uscensusbureau,,2010-05-06
13461882825,2010-05-06 02:04:37+00:00,sacampbell0181,@naacpwebcast The King family unite for the @uscensusbureau #2010census - http://tinyurl.com/23q4qul,#2010census,,0,0,@naacpwebcast @uscensusbureau,,2010-05-06
13461835213,2010-05-06 02:03:49+00:00,sacampbell0181,@naacpimageaward The King family unite for the @uscensusbureau #2010census - http://tinyurl.com/23q4qul,#2010census,,0,0,@naacpimageaward @uscensusbureau,,2010-05-06
13461759283,2010-05-06 02:02:39+00:00,sacampbell0181,@NAACP The King family unite for the @uscensusbureau #2010census - http://tinyurl.com/23q4qul,#2010census,,0,0,@NAACP @uscensusbureau,,2010-05-06
13461593160,2010-05-06 01:59:46+00:00,sacampbell0181,@sclc The King family unite for the @uscensusbureau #2010census - http://tinyurl.com/23q4qul,#2010census,,0,0,@sclc @uscensusbureau,,2010-05-06
13455836195,2010-05-06 00:09:29+00:00,ms_tko,WOOHOO…I JUST GOT COUNTED! #census2010 stoopid mailman keep takg my nameoff the bx just cuz i checkit 2x/yr! HELLO…PO BOX! keep ur junkmail!,#census2010,,0,0,,,2010-05-06
13452238554,2010-05-05 22:54:36+00:00,ms_genevieve,The @USCensusbureau just came for me y'all! I have officially been counted #2010census,#2010census,,0,0,@uscensusbureau,,2010-05-05
13448653659,2010-05-05 21:36:06+00:00,tiashabazz,If I come home one more time and there's another Census letter on my door imma scream.... I filled it out already #census2010 geesh louis,#census2010,,0,0,,,2010-05-05
13448295548,2010-05-05 21:28:16+00:00,SAC_TV_Examiner,The King family unite for the U.S. Census @uscensusbureau #2010census - http://tinyurl.com/23q4qul,#2010census,,0,0,@uscensusbureau,,2010-05-05
13445170817,2010-05-05 20:15:54+00:00,IEquality,Reading about #Census2010 @bilericoproject thought of piece by @shrewteaz on why being counted matters to #immigrants http://bit.ly/brYAQM,#Census2010 #immigrants,,1,0,@bilericoproject,,2010-05-05
13443485355,2010-05-05 19:35:53+00:00,HayzLuvsJB,Open your door to a census person :) #2010census,#2010census,,0,0,,,2010-05-05
13437673042,2010-05-05 17:19:33+00:00,Glasco31,Haha. That's the way it is homie. RT @GoatRog85: I'm bout to flip if these people close another door b4 I can say y I'm here #2010Census,#2010Census,,0,0,@GoatRog85,,2010-05-05
13436538960,2010-05-05 16:55:13+00:00,CACensus2010,3 Goals of the 2010 Census: 1) Improve Mail Response. 2) Improve Accuracy and Undercount Differential. 3) Improve Cooperation. #census2010,#census2010,,0,0,,,2010-05-05
13431652890,2010-05-05 15:14:48+00:00,dexandpartners,RT @Shan_tilli EXPOSITO-ULLA: WHEN A LATINO MESSAGE CROSSES OVER…#2010Census @d_exposito http://hispaniccmo.wordpress.com/,#2010Census,,0,0,@Shan_tilli,,2010-05-05
13427983497,2010-05-05 14:02:20+00:00,MariaAGaitan,We were counted today #census2010 #census10,#census2010 #census10,,0,0,,,2010-05-05
13426392679,2010-05-05 13:30:29+00:00,gkns,Today the census enumerators came to our home :) All the best for the UID project and the detailed ever census in IND #census2010 #uid,#census2010 #uid,,0,0,,,2010-05-05
13407552254,2010-05-05 04:59:38+00:00,ShylohK,RT @BigTashia: RT @ShylohK: #liespeopletell - I'm mixed with Indian and black&lt;&lt;&lt;#Census2010 &lt;&lt; LMBO!!!!,#liespeopletell #Census2010,,0,0,@ShylohK,,2010-05-05
13407466867,2010-05-05 04:57:29+00:00,ItsMeTashia,RT @ShylohK: #liespeopletell - I'm mixed with Indian and black&lt;&lt;&lt;#Census2010,#liespeopletell #Census2010,,0,0,@ShylohK,,2010-05-05
13397790125,2010-05-05 01:45:38+00:00,HumboldtGreengo,"Goddamm #census2010 bitch almost got #knockedthefuckout, #nowutimsayin",#census2010 #knockedthefuckout #nowutimsayin,,0,0,,,2010-05-05
13386777847,2010-05-04 22:00:56+00:00,CACensus2010,Behind on Census news? Chk out the stories u have been missing about the importance of the 2010 census @http://tiny.cc/canews #census2010,#census2010,,0,0,,,2010-05-04
13385154101,2010-05-04 21:23:48+00:00,marajade13,"YAY! HOME! No more paperwork, no more interviews! -collapses- #2010census",#2010census,,0,0,,,2010-05-04
13382680413,2010-05-04 20:27:24+00:00,marajade13,Phew! Almost done with my field work for the day. Just four revisits then I can finally have lunch... I am so tired and sweaty.. #2010census,#2010census,,0,0,,,2010-05-04
13382392596,2010-05-04 20:20:44+00:00,RumormillTroter,"Alex on at 4, Mocha and my peeps at 6, today could work out. #haiku #2010Census",#haiku #2010Census,,0,0,,,2010-05-04
13380349102,2010-05-04 19:31:48+00:00,uscensusbureau,The King family urges residents to open their doors and answer the #2010Census (video) http://bit.ly/dj6tgX,#2010Census,,6,0,,,2010-05-04
13379561081,2010-05-04 19:12:55+00:00,RumormillTroter,"Phone not working right, Lunch a long ways off and short, Twitter my only hope #haiku #2010Census",#haiku #2010Census,,0,0,,,2010-05-04
13379018780,2010-05-04 19:00:11+00:00,bigrapidsnews,#Census workers begin door-to-door phase of population count. Have you returned your form? #2010census #MecostaCounty http://ow.ly/1GQfb,#Census #2010census #MecostaCounty,,0,0,,,2010-05-04
13378789773,2010-05-04 18:54:50+00:00,CountryAzzQue,#policeincarbehindme you can write me a ticket if you want..i bet yo ass wont get COUNTED! #census2010 bxtch..,#policeincarbehindme #census2010,,0,0,,,2010-05-04
13377264406,2010-05-04 18:18:34+00:00,marajade13,In the field. Hoping today goes well... #2010census,#2010census,,0,0,,,2010-05-04
13376220383,2010-05-04 17:55:12+00:00,SantaClaraCity,Thank you for making a difference by participating in the #2010Census. You have helped to shape the future of your community.,#2010Census,,0,0,,,2010-05-04
13376220061,2010-05-04 17:55:11+00:00,SantaClaraJobs,Thank you for making a difference by participating in the #2010Census. You have helped to shape the future of your community.,#2010Census,,0,0,,,2010-05-04
13374596860,2010-05-04 17:17:16+00:00,RumormillTroter,"Teach is dumb, most of class is old, time stands still. #haiku #2010Census",#haiku #2010Census,,0,0,,,2010-05-04
13374389082,2010-05-04 17:12:16+00:00,RumormillTroter,"Teach is new, some of class is dumb, time stands still. #2010Census #haiku",#2010Census #haiku,,0,0,,,2010-05-04
13370199320,2010-05-04 15:34:44+00:00,CACensus2010,Did U Know? Complete Count Committees are authorized local partners who raise awareness and promote census participation. #census2010,#census2010,,1,0,,,2010-05-04
13369256242,2010-05-04 15:13:30+00:00,Shan_tilli,EXPOSITO-ULLA: WHEN A LATINO MESSAGE CROSSES OVER…#2010Census @d_exposito http://hispaniccmo.wordpress.com/,#2010Census,,0,0,,,2010-05-04
13368035570,2010-05-04 14:46:08+00:00,marajade13,Third callback! Hooray! =D #2010Census,#2010Census,,0,0,,,2010-05-04
13367389195,2010-05-04 14:31:38+00:00,reallybadreverb,"@RACINE Shit, this just reminded me I never sent mine in! It's been sitting finished on my desk for over a month! #census2010",#census2010,,0,0,@RACINE,RACINE,2010-05-04
13363316103,2010-05-04 12:58:39+00:00,CACensus2010,Get 25 FREE iTunes songs by taking the Census Pledge ... Visit: http://becountedrepresent.com/CaliforniaCompleteCount #census2010,#census2010,,0,0,,,2010-05-04
13338520453,2010-05-04 01:33:49+00:00,TheRealClemson,#2010census get like me http://twitpic.com/1kslvd,#2010census,,0,0,,,2010-05-04
13332137587,2010-05-03 23:22:27+00:00,marajade13,Sweet! My first callback! =D #2010Census,#2010Census,,0,0,,,2010-05-03
13330536796,2010-05-03 22:48:51+00:00,APIAVote,John Wilson of @NEA: need to be sure that everyone is counted in the #census2010 &amp; are registered to vote! #nymliss #aapi,#census2010 #nymliss #aapi #aapi,,0,0,@NEA,,2010-05-03
13324082005,2010-05-03 20:22:18+00:00,paulcannol,"My CLA keeps referring to me as ""out in the field."" Now i have Teenage Wasteland stuck in my head... #census2010",#census2010,,0,0,,,2010-05-03
13323151325,2010-05-03 20:00:20+00:00,StPeteFL,St. Pete's Census response rate is 73% higher than National and State levels! #2010Census http://ht.ly/1Gftv,#2010Census,,0,0,,,2010-05-03
13322369618,2010-05-03 19:41:33+00:00,kristinahunter,Just saw a @uscensusbureau worker walking house to house. Hope you sent back your #2010Census form!,#2010Census,,0,0,@uscensusbureau,,2010-05-03
13322244424,2010-05-03 19:38:32+00:00,uscb_boston,RT @uscb_charlotte The Kickoff For The Second Half #2010Census http://ow.ly/1GpO7,#2010Census,,0,0,,,2010-05-03
13320576734,2010-05-03 18:59:06+00:00,roamenumerator,"Sadly, I was not chosen to be a CLA. What up with that? #census2010",#census2010,,0,0,,,2010-05-03
13320544281,2010-05-03 18:58:20+00:00,roamenumerator,9:45 observation. I have observed that I rock. #census2010,#census2010,,0,0,,,2010-05-03
13318673954,2010-05-03 18:13:39+00:00,marajade13,Home on a lunch/try to figure out a route for the houses I have left break. X.x Awesome. #2010census #mygoditishumidout,#2010census #mygoditishumidout,,0,0,,,2010-05-03
13318340035,2010-05-03 18:05:53+00:00,paulcannol,Ok seriously this neighborhood is freaking me out...everyone is staring at me like i have leprosy #census2010,#census2010,,0,0,,,2010-05-03
13313562347,2010-05-03 16:20:00+00:00,marajade13,Man... I do not like being in the field when there are storms predicted... #2010census,#2010census,,0,0,,,2010-05-03
13311077782,2010-05-03 15:28:13+00:00,uscensusbureau,Director Groves accompanies a census worker for the kick-off of the 2nd half of the #2010Census: http://bit.ly/dBuTpd,#2010Census,,3,2,,,2010-05-03
13309726587,2010-05-03 15:00:28+00:00,WmsbgNews,"But remember: they don't ask any financial info, no Social #'s and don't ask to come into your house. Should also have #2010Census bag.",#2010Census,,0,0,,,2010-05-03
13309686586,2010-05-03 14:59:47+00:00,WmsbgNews,"#2010Census workers going around from door (who didn't reply by mail), please answer the few short questions. http://twitpic.com/1ko0ay",#2010Census,,0,0,,,2010-05-03
13306950043,2010-05-03 14:03:45+00:00,bobmueller,"One little, two little, three little NRFUs... Time to count the people. #census2010 #fb",#census2010 #fb,,1,0,,,2010-05-03
13304758374,2010-05-03 13:17:04+00:00,BarrHills_IL,Barrington Hills final #2010Census participation rate 81%. Enumerators have begun home interviews at addresses that did not return forms.,#2010Census,,0,0,,,2010-05-03
13304207489,2010-05-03 13:04:55+00:00,adsonthesubway,"""When you answer 10 simple questions, you can help our community for the next 10 years."" #census2010 #ads",#census2010 #ads,,1,0,,,2010-05-03
13284575256,2010-05-03 03:37:17+00:00,HeyItsMeNiecy,"RT @MeloMayne ""as a blk African American Negro"" &lt;#2010census&gt;",#2010census,,0,0,@MeloMayne,,2010-05-03
13284424021,2010-05-03 03:34:10+00:00,TheHairBarHburg,Black Afro American Negro #BOONDOCKS #CENSUS2010 LOL,#BOONDOCKS #CENSUS2010,,1,0,,,2010-05-03
13268093282,2010-05-02 21:49:32+00:00,MyTwoCensus,"#census problems? find out more info on MyTwoCensus.com, the non-partisan watchdog of the #2010Census",#census #2010Census,,0,0,,,2010-05-02
13263279038,2010-05-02 19:57:55+00:00,EnJ_V,"RT @ItsMORGASM: @EEanJAY_5 u up n at em today?!? #Census2010--nahh bruh, not today",#Census2010,,0,0,@itsmorgasm,,2010-05-02
13257643401,2010-05-02 17:48:43+00:00,c_hassan,knocking on doors for @petersmulowitz &amp; finding #2010census 'notices of visit' on doors. worlds colliding!!,#2010census,,0,0,@petersmulowitz,,2010-05-02
13249300293,2010-05-02 14:50:50+00:00,m60freeman,@byJody The Hilliard City School District has students with over 40 different primary languages. #census2010,#census2010,,1,0,@byJody,byJody,2010-05-02
13249092348,2010-05-02 14:46:29+00:00,byJody,"@ReesesPeanut Pioneering the 'finger' of Columbus btwn Hilliard and Dublin. None of us got #census2010 forms, still hoping to get counted",#census2010,,0,0,@ReesesPeanut,ReesesPeanut,2010-05-02
13248767046,2010-05-02 14:39:33+00:00,byJody,Pleasantly surprised with the depth of international community found in my @DublinOhio area #census2010 visits,#census2010,,0,0,@DublinOhio,,2010-05-02
13248708578,2010-05-02 14:38:17+00:00,HannahBug86,"if you haven't filled out your census, i may be knocking on your door! Census 2010! :) #2010Census",#2010Census,,0,0,,,2010-05-02
13247990731,2010-05-02 14:23:10+00:00,byJody,"Professionals finding Census work. In my class of 14, all but 1 have higher Ed (2 attorneys, 2 PhDs) http://bit.ly/boqbqp #census2010",#census2010,,0,0,,,2010-05-02
13246954791,2010-05-02 14:00:49+00:00,marajade13,"I love many things right now. The week ends on Saturday. Guess how much I made last week. $643.50, bitches!!! #whyIlovemyjob #2010census",#whyIlovemyjob #2010census,,0,0,,,2010-05-02
13245054009,2010-05-02 13:16:27+00:00,CACensus2010,"Learn, pledge, download 25 FREE songs from Pitbull, Morrissey, and more @http://becountedrepresent.com/CaliforniaCompleteCount #census2010",#census2010,,0,0,,,2010-05-02
13218871679,2010-05-02 01:25:18+00:00,judehere,welcome census takers as supporters of our nation's growth #census2010,#census2010,,0,0,,,2010-05-02
13213423237,2010-05-01 23:16:00+00:00,imJSthatgood,"RT @freakytail7: Twitter Poll: if you are a Black woman, thick, and know about yoga pants, say ""Aye!"" #2010census",#2010census,,0,0,,,2010-05-01
13209630414,2010-05-01 21:37:24+00:00,minimumwageMA,Just saw a woman with her grocery list... On her #Census2010 form ... #fail,#Census2010 #fail,,0,0,,,2010-05-01
13209361629,2010-05-01 21:30:20+00:00,SimplyTosha,"*LOL* RT @freakytail7: Twitter Poll: if you are a Black woman, thick, and know about yoga pants, say ""Aye!"" #2010census",#2010census,,0,0,,,2010-05-01
13207607220,2010-05-01 20:44:21+00:00,CACensus2010,Still have questions about the 2010 Census? Find answers here -- http://tiny.cc/censusfaqs #census2010,#census2010,,0,0,,,2010-05-01
13203836208,2010-05-01 19:08:45+00:00,JohnCarlMartin,count me in.. #Census2010,#Census2010,,0,0,,,2010-05-01
13201073097,2010-05-01 18:02:20+00:00,CACensus2010,"Tool, templates and talking points needed for Census 2010 found on www.californiacompletecount.org in the e-Center. #census2010",#census2010,,0,0,,,2010-05-01
13191194956,2010-05-01 14:37:08+00:00,marajade13,Trying to work out the best route with which to go about my duties. #2010census,#2010census,,0,0,,,2010-05-01
13189347711,2010-05-01 13:58:19+00:00,CACensus2010,Get 25 FREE iTunes songs by taking the Census Pledge ... Visit: http://becountedrepresent.com/CaliforniaCompleteCount #census2010,#census2010,,0,1,,,2010-05-01
13184067077,2010-05-01 11:43:18+00:00,CACensus2010,What Can U Do? Engage friends and family in conversation about the importance of the Census in California. #census2010,#census2010,,0,0,,,2010-05-01
13159030601,2010-05-01 00:26:14+00:00,CACensus2010,Check out California Census Project TV @http://vimeo.com/channels/83890 and let us know what you think!!! #census2010,#census2010,,0,0,,,2010-05-01
14391559101,2010-05-20 23:30:00+00:00,mlhuff81,"Just helped out a #census2010 worker, who was in my neighborhood, with info on a vacant house. Now off to @ydok Chili for Change. #fb",#census2010 #fb,,0,0,@ydok,,2010-05-20
14379801370,2010-05-20 19:02:51+00:00,WisdomPanel,RT @MHA1072: did DNA test on puppy &amp; 2-3 weeks we'll learn her mix. Then we can participate in Mutt Census www.muttcensus.com #2010census,#2010census,,0,0,@MHA1072,,2010-05-20
14377960245,2010-05-20 18:23:25+00:00,marajade13,Swapping cars with mum because mine seems to be smoking a lot. Heading back to work after checking the location of a few houses. #2010census,#2010census,,0,0,,,2010-05-20
14374392325,2010-05-20 17:13:52+00:00,awwyiss,#gofuckyourself #census2010,#gofuckyourself #census2010,,0,0,,,2010-05-20
14374269018,2010-05-20 17:11:32+00:00,marajade13,Out in the field. Soo hot today... #2010census #enumeration,#2010census #enumeration,,0,0,,,2010-05-20
14371286299,2010-05-20 16:19:25+00:00,antwanharris,Go Away.....#2010Census http://twitpic.com/1pfdmb,#2010Census,,0,0,,,2010-05-20
14371035931,2010-05-20 16:15:13+00:00,StandUp4Count,"No money? If u didn’t return a form, look 4 ur #2010Census taker for federal funding 4 ur university or college community!",#2010Census,,0,0,,,2010-05-20
14338829587,2010-05-20 04:03:25+00:00,TOPolk,"@russelltripp Team Leader w/ the #Census2010. I'm having a surprisingly fun time with it (as I've got a good team), hence the tweets.",#Census2010,,0,0,@RussellTripp,russelltrippOLD,2010-05-20
14326746506,2010-05-20 00:30:20+00:00,AC3ofSPADE,#Census2010 after they've made a couple of attempts they ASK THE NEIGHBORS ABOUT U!!! uh Nosey,#Census2010,,0,0,,,2010-05-20
14326537508,2010-05-20 00:26:29+00:00,AC3ofSPADE,#Census2010 Grrr,#Census2010,,0,0,,,2010-05-20
14323581329,2010-05-19 23:30:41+00:00,pinuppastry,#2010census YES! Count me in! Or just make sure I count!,#2010census,,0,0,,,2010-05-19
14317529984,2010-05-19 21:29:25+00:00,IM2SXZ4U,@DeLanoCorleone Working. #2010census,#2010census,,0,0,@DeLanoCorleone,DeLanoCorleone,2010-05-19
14315984549,2010-05-19 20:56:20+00:00,MHA1072,We did a DNA test on our puppy & in 2-3 weeks we'll learn her mix. Then we can participate in the Mutt Census www.muttcensus.com #2010census,#2010census,,0,0,,,2010-05-19
14315018873,2010-05-19 20:35:10+00:00,Anything4Celena,@ImSoUnEk2 #Forthelasttime YOU do not work for the government! :-9...with your ugly #2010Census work bag lolz,#Forthelasttime #2010Census,,0,0,,,2010-05-19
14311658469,2010-05-19 19:21:02+00:00,ClarenceSays,How many jobs you got? Lol RT @torrilynn1: At work! #census2010,#census2010,,0,0,@torrilynn1,,2010-05-19
14307067910,2010-05-19 17:39:58+00:00,macrod01,#2010CENSUS: Mom recognizes Census taker as sex offender... http://drudge.tw/8YDHmr,#2010CENSUS,,0,0,,,2010-05-19
14306611614,2010-05-19 17:30:26+00:00,StandUp4Count,Don’t miss out on history in the making! Look 4 ur #2010Census taker if u didn’t fill out a form!,#2010Census,,0,0,,,2010-05-19
14306463682,2010-05-19 17:27:21+00:00,MarisaDeVonish,@EricaTere There you are! #2010census in the Twitter house &lt;----Boo! lol,#2010census,,0,0,@EricaTere,EricaTere,2010-05-19
14299658637,2010-05-19 15:02:46+00:00,MarisaDeVonish,"No, no....NO, you didn't name your baby after a popular Cognac lady?!?! #2010census It's too early for this. LMAO!",#2010census,,0,0,,,2010-05-19
14298929746,2010-05-19 14:45:01+00:00,MarisaDeVonish,Up early on a stalking mission. Waiting outside houses parked across the street-Feels like high school-lol. Gotta love the #2010census,#2010census,,0,0,,,2010-05-19
14297623848,2010-05-19 14:16:08+00:00,DCCensusGal,"Wow! Holy Gov't Waste, Batman. #Census2010 sez I'ma replacement enumerator. Will call if needed. What to do w/all the SUPPLIES they gave me?",#Census2010,,1,0,,,2010-05-19
14270132354,2010-05-19 03:16:08+00:00,MarisaDeVonish,"I'm REALLY getting the hang of this ""firing people"" thing! #2010census",#2010census,,0,0,,,2010-05-19
14262122807,2010-05-19 00:57:33+00:00,AnacletoBristol,RT @RESON Race: Human - #Census2010,#Census2010,,0,0,@RESON,,2010-05-19
14261600758,2010-05-19 00:48:20+00:00,marajade13,"@ZachsMind Well, YEAH.... But if you'd sent it in late, then I'd have to enumerate you again. Besides... You could just, talk... #2010census",#2010census,,0,0,@ZachsMind,ZachsMind,2010-05-19
14261466453,2010-05-19 00:45:58+00:00,Supergirl43837,We just got counted! :D #census2010,#census2010,,0,0,,,2010-05-19
14261409294,2010-05-19 00:44:59+00:00,ZachsMind,Cuz @marajade13 I already took the #2010census lol,#2010census,,0,0,@marajade13,,2010-05-19
14261381681,2010-05-19 00:44:29+00:00,marajade13,"@ZachsMind Really, Zach? You would hang up on me? o.o; Why? #2010census #enumeration",#2010census #enumeration,,0,0,@ZachsMind,ZachsMind,2010-05-19
14260751952,2010-05-19 00:33:35+00:00,RESON,Race: Human #census2010,#census2010,,0,0,,,2010-05-19
14260443740,2010-05-19 00:28:22+00:00,NamDBabyMercede,On my way to Walley World....#shoutout to @LeviLeer for my #census2010 fitted cap.....Ya Dig.....ks http://tweetphoto.com/22999923,#shoutout #census2010,,0,0,@LeviLeer,,2010-05-19
14259702010,2010-05-19 00:15:23+00:00,ZachsMind,Yeah sorry about that @marajade13 that was me. Try calling me again so I can hang up on you again #2010census #enumeration,#2010census #enumeration,,0,0,@marajade13,,2010-05-19
14259572267,2010-05-19 00:13:03+00:00,marajade13,GODDAMN!!! That jerk who hung up on me before just hung up on me AGAIN!!!! What the hell?! #2010census #enumeration,#2010census #enumeration,,0,0,,,2010-05-19
14259388625,2010-05-19 00:09:40+00:00,hardcoregirl,I had a lot of really nice people to count today. #2010census,#2010census,,0,0,,,2010-05-19
14256835954,2010-05-18 23:22:10+00:00,mizofizo,Thanks nice lady from El Salvador for taking my census info. I guess mine got lost in the mail. #census2010,#census2010,,0,0,,,2010-05-18
14254976017,2010-05-18 22:46:39+00:00,tgtweets1,so we still have workers out there collecting or #census2010 a group of them seem to be having some kind of meetup at this coffee shop.,#census2010,,0,0,,,2010-05-18
14242320454,2010-05-18 18:15:11+00:00,StandUp4Count,"Your voice can be heard! If u didn’t return a form, look 4 ur #2010Census taker to make a difference for ur college community!",#2010Census,,0,0,,,2010-05-18
14225892379,2010-05-18 12:57:35+00:00,marajade13,Heading off to my meeting. My boss was really wanting this time... I wonder why... =/ #2010census #enumeration,#2010census #enumeration,,0,0,,,2010-05-18
14219822017,2010-05-18 10:40:09+00:00,smendler,"@awakeningaimee but did she send back her #Census2010 form, that's what *I* wanna know!",#Census2010,,0,0,@awakeningaimee,awakeningaimee,2010-05-18
14192515972,2010-05-18 00:06:02+00:00,marajade13,"I am getting SO sick of people telling me a time and then not picking up, hanging up or telling me a time again -_- #2010census #enumeration",#2010census #enumeration,,0,0,,,2010-05-18
14188885102,2010-05-17 22:57:32+00:00,marajade13,Awesome. I have been calling the wrong house for over a week. -____- #2010census #enumeration,#2010census #enumeration,,0,0,,,2010-05-17
14188435571,2010-05-17 22:48:40+00:00,marajade13,Getting nine texts during a phone interview is less than helpful... #2010census #enumeration,#2010census #enumeration,,0,0,,,2010-05-17
14176689293,2010-05-17 18:34:57+00:00,jenayemarnique,RT @uscb_philly: #DeltaSigmaTheta wants you to Open the Door to the #2010Census! http://ht.ly/1M8zu,#DeltaSigmaTheta #2010Census,,0,0,,,2010-05-17
14176668119,2010-05-17 18:34:27+00:00,jenayemarnique,RT @uscb_philly: #KappaAlphaPsi wants you to Open the Door to the #2010Census! http://ht.ly/1M8uH,#KappaAlphaPsi #2010Census,,0,0,,,2010-05-17
14173285196,2010-05-17 17:19:45+00:00,vervecam,RT @uscb_philly: #KappaAlphaPsi wants you to Open the Door to the #2010Census! http://ht.ly/1M8uH,#KappaAlphaPsi #2010Census,,0,0,,,2010-05-17
14168349538,2010-05-17 15:44:38+00:00,kevinbracken,Now officially an employee of the US Govt #census2010,#census2010,,0,0,,,2010-05-17
14166220062,2010-05-17 15:04:45+00:00,DynamoNatalie,"Ok, I've already met w/my boss for the day. Time to knock out this To-Do list & hit the field to see what my team is up to. #2010Census",#2010Census,,0,0,,,2010-05-17
14162193347,2010-05-17 13:50:19+00:00,StandUp4Count,How are you standing up for the count? #2010Census,#2010Census,,0,0,,,2010-05-17
14137774451,2010-05-17 03:16:25+00:00,CrissiB212,We can't move forward until you give your answers back #whichmeansyoureplayingwithmymoney #2010Census,#whichmeansyoureplayingwithmymoney #2010Census,,0,0,,,2010-05-17
14127107970,2010-05-16 23:42:50+00:00,marajade13,Bitch hung up on me during my sincere apology for taking up her time! Goddamn! #2010census #enumeration #goddamnit,#2010census #enumeration #goddamnit,,0,0,,,2010-05-16
14126363231,2010-05-16 23:26:50+00:00,TOPolk,"Met with my crew members, the other crew leader, and my boss's boss. Productive afternoon. #Census2010",#Census2010,,0,0,,,2010-05-16
14125657575,2010-05-16 23:11:56+00:00,Moronicloser,WTF? ANOTHER Phone Call from The #2010Census? Everything on my form was correct and answered honestly. Go find the ones who DON,#2010Census,,0,0,,,2010-05-16
14122067245,2010-05-16 21:53:38+00:00,marajade13,To the field! #2010census #enumeration,#2010census #enumeration,,0,0,,,2010-05-16
14114544821,2010-05-16 19:00:14+00:00,StandUp4Count,What can 10min & a #2010Census taker get you? More funding 4 ur school’s community! Look 4 ur Census taker if u didn’t fill out a form!,#2010Census,,0,0,,,2010-05-16
14110558920,2010-05-16 17:34:58+00:00,IM2SXZ4U,Now with that being said I'm gonna call my TomTom and head to work. #2010Census,#2010Census,,0,0,,,2010-05-16
14100726070,2010-05-16 14:22:23+00:00,marajade13,"Turns out that we don't have any more binders coming our way. So this one here is it. I have like, twenty, thirty more houses... #2010census",#2010census,,0,0,,,2010-05-16
14094990425,2010-05-16 12:14:12+00:00,dudercode,"Just heard a #2010Census ad saying if you open the door and answer the census people, it will benefit your children's education...REALLY?!?!",#2010Census,,0,0,,,2010-05-16
14070126039,2010-05-16 01:45:59+00:00,slines,"@onetnchick Re: jittery enumerator aka guvmint agent - u couldn't even get past my 2 cats, let alone me! Come on down.....#census2010",#census2010,,0,0,,,2010-05-16
14067352973,2010-05-16 00:44:15+00:00,NWtoSE,#census2010 I am loving collecting your data ...in other words getting to have a job where I meet nice people every day ...,#census2010,,0,0,,,2010-05-16
14062230757,2010-05-15 22:40:25+00:00,marajade13,Bwahaha. I just passed some Jehovah's Witnesses. #2010census #enumeration #hilarity,#2010census #enumeration #hilarity,,0,0,,,2010-05-15
14059106214,2010-05-15 21:20:04+00:00,CityOfGoleta,Thank you for making a difference by participating in the #2010Census. You have helped to shape the future of your community.,#2010Census,,1,0,,,2010-05-15
14059105988,2010-05-15 21:20:04+00:00,GoletaPIO,Thank you for making a difference by participating in the #2010Census. You have helped to shape the future of your community.,#2010Census,,0,0,,,2010-05-15
14058641807,2010-05-15 21:08:23+00:00,MegOlshefski,"""we can read article one right now"" #census2010",#census2010,,0,0,,,2010-05-15
14058585320,2010-05-15 21:06:55+00:00,MegOlshefski,"""the constitution only requires you to know an enumeration of the people"" #census2010",#census2010,,0,0,,,2010-05-15
14040734837,2010-05-15 14:45:04+00:00,StandUp4Count,"Make a difference for ur school’s community. If u didn’t return a form, look 4 ur #2010Census taker",#2010Census,,0,0,,,2010-05-15
14038314830,2010-05-15 13:58:11+00:00,DCCensusGal,"Yes, but the badge has no photo ID - I find THAT curious RT @censuscount How to identify a legit #Census2010 enumerator http://ping.fm/nnszO",#Census2010,,0,0,@censuscount,,2010-05-15
14037572634,2010-05-15 13:42:09+00:00,DCCensusGal,Still no assignment. Maybe everyone in my 'hood mailed in their #Census2010 form? I know someone who didn't.,#Census2010,,0,0,,,2010-05-15
14014633739,2010-05-15 03:10:26+00:00,AdreanaInLB,#Census2010 This makes me think the RSO just got these dress code rules online or made them up just CLAIMED they were Census attire rules.,#Census2010,,0,0,,,2010-05-15
14014520137,2010-05-15 03:08:11+00:00,AdreanaInLB,"#Census2010 The thing is, the Dress Code rules the RSO handed out are not in the red or salmon manuals &amp; they don't have a doc #.",#Census2010,,0,0,,,2010-05-15
14014409479,2010-05-15 03:05:58+00:00,AdreanaInLB,"#Census2010 http://twitgoo.com/vuou1 My ""unacceptable"" Census outfit so says RSO.",#Census2010,,0,0,,,2010-05-15
14014276832,2010-05-15 03:03:20+00:00,AdreanaInLB,@lynnftw #Census2010 If Tonya gets no reply from you the Census will just send someone else. I should know.,#Census2010,,0,0,@LynnFTW,,2010-05-15
14007515697,2010-05-15 00:47:50+00:00,JMC_Ministries,"#JMCLive #Investigates #2010Census on May 14, 2010 9PMEST http://twtvite.com/jmcliveinvestigates #News #twtvite #talk #radio #tcot #teaparty",#JMCLive #Investigates #2010Census #News #twtvite #talk #radio #tcot #teaparty,,0,0,,,2010-05-15
14005660821,2010-05-15 00:08:36+00:00,ThatDudeProtege,answer the #census2010. or they'll come find you... trust me. #Smh.,#census2010 #Smh,,0,0,,,2010-05-15
14005318776,2010-05-15 00:01:23+00:00,elsongs,"just walked past a US Cenus Enumerator on his block. Was soooo tempted to blurt out, ""BLAARFENGAAR!"" #SNL #Census2010",#SNL #Census2010,,0,0,,,2010-05-15
14004546379,2010-05-14 23:45:06+00:00,AdreanaInLB,"#Census2010 So them telling us that enumerator work would last 2 months was what? Lie, overprojection or incompetent calculation?",#Census2010,,0,0,,,2010-05-14
14004465379,2010-05-14 23:43:21+00:00,AdreanaInLB,#Census2010 Learned at CLA meeting that CL has only 1 AA binder left.,#Census2010,,0,0,,,2010-05-14
14004394396,2010-05-14 23:41:51+00:00,AdreanaInLB,"#Census2010 Check out my ""unacceptable"" census outfit. It's SoCal in May but shorts that go below the knee are not allowed. http://twitgoo.",#Census2010,,0,0,,,2010-05-14
13998300649,2010-05-14 21:25:19+00:00,troublekrayz,"RT @CHICAGO721: #ImJustSaying If you're gonna be paranoid about the #2010Census at least have a valid, educated reason! #smdh",#ImJustSaying #2010Census #smdh,,0,0,@CHICAGO721,,2010-05-14
13992742869,2010-05-14 19:19:08+00:00,dpanjana,Will the census results be broad #caste? #census2010,#caste #census2010,,0,0,,,2010-05-14
13990476813,2010-05-14 18:28:15+00:00,marajade13,Phew. Finished my field work JUST in time to get Jon from school. #2010census #enumeration,#2010census #enumeration,,0,0,,,2010-05-14
13988281321,2010-05-14 17:39:43+00:00,dpanjana,@lmirani Almost as bad as #caste-afiore. #tintin #census2010,#caste #tintin #census2010,,0,0,@lmirani,lmirani,2010-05-14
13985613239,2010-05-14 16:43:20+00:00,dpanjana,Courtesy Groovebox: beware of census workers approaching your sofa. They might think of the #caste-ing couch. #census2010,#caste #census2010,,0,0,,,2010-05-14
13985005661,2010-05-14 16:30:32+00:00,StandUp4Count,#2010Census helps community planning! Look 4 ur Census taker if u didn’t fill out a form to ensure a better tomorrow 4 ur family,#2010Census,,0,0,,,2010-05-14
13974638838,2010-05-14 12:51:05+00:00,dpanjana,Pity Ivan Venko wasn't Indian otherwise he could have said #caste iron to the #census2010.,#caste #census2010,,0,0,,,2010-05-14
13974464273,2010-05-14 12:47:15+00:00,dpanjana,I think @lmirani has figured out what will destroy the caste system: a billion bad puns. #census2010,#census2010,,0,0,@lmirani,lmirani,2010-05-14
13974397811,2010-05-14 12:45:47+00:00,dpanjana,#caste away #census2010,#caste #census2010,,0,0,,,2010-05-14
13950674858,2010-05-14 02:33:03+00:00,kadeemhudson,@rUDE_aSS_tOYA the #census2010,#census2010,,0,0,,SheSoSpunky,2010-05-14
13947163154,2010-05-14 01:25:55+00:00,MarisaDeVonish,"Just snapped at my #2010Census Supervisor- ""I know it's halftime but WHY are you callin' me!""",#2010Census,,0,0,,,2010-05-14
13943124525,2010-05-14 00:07:25+00:00,Schnoebunny,Alright Ceasar. You know who I am. At least I didn't have to return to the city of my birth. #census2010 #ihavebeencounted,#census2010 #ihavebeencounted,,0,0,,,2010-05-14
13941648907,2010-05-13 23:37:56+00:00,43rdDems,Wondering what the #2010Census hoopla is about? Play this redistricting board game to find out! http://bit.ly/2zjOSk #wadems #politics,#2010Census #wadems #politics,,0,0,,,2010-05-13
13933269753,2010-05-13 20:35:28+00:00,ChrisZeilinger,I'm also doing a really cool session at #ctaaexpo on #census2010 and what it means for #transit. Y'all come! www.ctaa.org/expo,#ctaaexpo #census2010 #transit,,1,0,,,2010-05-13
13924724181,2010-05-13 17:15:40+00:00,StandUp4Count,The #2010Census only happens every 10 yrs. Be a part of history. It’s not too late. Look 4 ur Census taker if u didn’t fill out a form!,#2010Census,,0,0,,,2010-05-13
13920930852,2010-05-13 15:53:56+00:00,DCCensusGal,"Still waiting for my #Census2010 assignment. Aren't they worried that the longer we wait, we'll forget what we learned in training?",#Census2010,,0,0,,,2010-05-13
13917946507,2010-05-13 14:51:18+00:00,coremessage,Florida's Asian-American community asks peers to open their doors to Census takers http://bit.ly/a9lM4c #2010Census,#2010Census,,0,0,,,2010-05-13
13911169245,2010-05-13 12:31:16+00:00,slines,"@onetnchick How are you doing in the mountains today? Any more ""excitement""? #Census2010",#Census2010,,0,0,,,2010-05-13
13898089878,2010-05-13 06:08:27+00:00,AdreanaInLB,"#Census2010 I also learned that the remarks box on the 308 isn't really 4 uhm, remarks, so says my CL.",#Census2010,,0,0,,,2010-05-13
13897996975,2010-05-13 06:05:46+00:00,AdreanaInLB,#Census2010 During my CL meeting today I was personally asked 2 sign a 308 timesheet 4 hrs I hadn't yet worked. Illegal?,#Census2010,,0,0,,,2010-05-13
13895206374,2010-05-13 04:52:32+00:00,ruSh_Me,"@God_Damn_Batman Ya.. And apparently, No separate caste column for the Wife.. ""O Beloved Indian Husband, Gimme all your Sh*t!!"" #Census2010",#Census2010,,0,0,@God_Damn_Batman,Th_15798035965,2010-05-13
13885642563,2010-05-13 01:41:58+00:00,TaranJack,I am now a statistic! #census2010,#census2010,,0,0,,,2010-05-13
13885090278,2010-05-13 01:31:50+00:00,AdreanaInLB,@ConchoQueen #Census2010 I mention this cause SkypeMobile doesn't actually RING 4 incoming calls. U have 2 check EVENTS 2 C if U got a call.,#Census2010,,0,0,,,2010-05-13
13884978781,2010-05-13 01:29:49+00:00,AdreanaInLB,@DCCensusGal #Census2010 U can set Skype 2 4ward 2 your cell. But if U want a CensusCentric greeting 4 your Skype line U can't use 4warding.,#Census2010,,0,0,@DCCensusGal,DCCensusGal,2010-05-13
13880168827,2010-05-12 23:58:36+00:00,kineticstudio,"@thomasO_o Bummer, maybe send this #2010census vid around your target hood: http://bit.ly/dw0wdB",#2010census,,0,0,@Thomaso_O,,2010-05-12
13880102592,2010-05-12 23:57:16+00:00,kineticstudio,"@1234Tara #2010Census workers are getting a lot of heat in CA, mebbe people just need to understand what's at stake- http://bit.ly/dw0wdB",#2010Census,,0,0,@1234Tara,1234Tara,2010-05-12
13879932357,2010-05-12 23:53:53+00:00,kineticstudio,"@TammyBelford Pass this funny #2010census enumerator vid around, may help in your neighborhood! http://www.youtube.com/watch?v=fIn-RWoOjSY",#2010census,,0,0,@TammyBelford,,2010-05-12
13879859727,2010-05-12 23:52:27+00:00,kineticstudio,@thedavidloren Ha! Here's a funny #2010census video for you- http://www.youtube.com/watch?v=fIn-RWoOjSY,#2010census,,0,0,@thedavidloren,thedavidloren,2010-05-12
13876315155,2010-05-12 22:41:14+00:00,MzFabRicia,"#lies ALL #lies RT @SashaLoveLyfe: @MzFabricia did u hear the ad for it? #Census2010 ""It's okay to let them in, U can trust them"" Lmao#SETUP",#lies #lies #Census2010,,0,0,@SashaLoveLyfe @MzFabRicia,,2010-05-12
13875590475,2010-05-12 22:26:13+00:00,SashaLoveLyfe,"@MzFabricia did u hear the ad for it? #Census2010 ""It's okay to let them in, U can trust them"" Lmao #SETUP",#Census2010 #SETUP,,0,0,@MzFabRicia,,2010-05-12
13875537211,2010-05-12 22:25:06+00:00,marajade13,Well... I got *an* interview.... That's... Something? #2010census #enumeration,#2010census #enumeration,,0,0,,,2010-05-12
13875369931,2010-05-12 22:21:34+00:00,marajade13,Makin' the calls to those rascally slakers in Lexington. You know the ones.... =P #2010census #enumeration,#2010census #enumeration,,0,0,,,2010-05-12
13871417181,2010-05-12 20:55:36+00:00,Princ3ss_KiiRa,RT @PrettiboyRellz: Akay #census2010 RT @MsJones2You: Almost done cleanin ma house den showa den werk...lol silly wazzup,#census2010,,0,0,@PrettiboyRellz @Msjones2you,,2010-05-12
13870809161,2010-05-12 20:41:40+00:00,AdreanaInLB,#Census2010 the problem. I'd like to read this report {http://209.157.64.201/focus/f-news/2511017/posts),#Census2010,,0,0,,,2010-05-12
13870783019,2010-05-12 20:41:05+00:00,AdreanaInLB,#Census2010 I could tell by the way the operation is run on the ground that THIS ( http://209.157.64.201/focus/f-news/2511017/posts ) was,#Census2010,,0,0,,,2010-05-12
13868960640,2010-05-12 19:59:13+00:00,AdreanaInLB,#census2010 R there other enumerators out there being asked to fill out a document titled EQ Chain Of Custody?,#census2010,,0,0,,,2010-05-12
13868840337,2010-05-12 19:56:22+00:00,AdreanaInLB,#Census2010 @conchoqueen If U know the #of ppl living there on April 1st that's enough for a proxy.,#Census2010,,0,0,,,2010-05-12
13868709032,2010-05-12 19:53:17+00:00,AdreanaInLB,#Census2010 @ConchoQueen U don't have 2 answr ALL questions about your neighbors to be considerd ba proxy.,#Census2010,,0,0,,,2010-05-12
13864998911,2010-05-12 18:25:18+00:00,StandUp4Count,"Did u know more than $400B in yearly fed. funding is allocated frm #2010census data? If u didn’t return a form, look 4 ur Census taker!",#2010census,,0,0,,,2010-05-12
13853340437,2010-05-12 14:15:58+00:00,DCCensusGal,Local Census office reminds me of political campaign offices. Maybe it's the temporariness of it all #Census2010,#Census2010,,0,0,,,2010-05-12
13853078883,2010-05-12 14:10:33+00:00,DCCensusGal,"@AdreanaInLB Thanks for the great idea to use a #skype number for #Census2010 callbacks! BTW, I'm originally from Long Beach 90815",#skype #Census2010,,0,0,@AdreanaInLB,AdreanaInLB,2010-05-12
13852713155,2010-05-12 14:03:07+00:00,DCCensusGal,Welcome! And thanks to @byJody and all my other new followers! #Census2010,#Census2010,,0,0,@byJody,,2010-05-12
13846346540,2010-05-12 11:45:32+00:00,slines,@onetnchick Are you a trouble magnet or what? #Census2010,#Census2010,,0,0,,,2010-05-12
13845387134,2010-05-12 11:21:28+00:00,mscator,"RT @slines: @onetnchick Hope ur day goes well &amp; w/o major incidents. Do u get hazard duty pay? #Census2010 &lt;my thoughts, exactly, Stanley",#Census2010,,0,0,@slines,,2010-05-12
13845264485,2010-05-12 11:18:22+00:00,slines,@onetnchick I hope ur day goes well and w/o major incidents. Do u get hazard duty pay? #Census2010,#Census2010,,0,0,,,2010-05-12
13834496243,2010-05-12 05:47:01+00:00,AdreanaInLB,#Census2010 My outgoing greeting on my Skype Out enumerator #has me doing laughably bad Spanish. Wanna hear? 562-353-4140,#Census2010,,0,0,,,2010-05-12
13834277870,2010-05-12 05:40:56+00:00,AdreanaInLB,#Census2010 out his cell on the NV forms &amp; he has not had a problem. Still I'd prefer to not give out my #.,#Census2010,,0,0,,,2010-05-12
13834215031,2010-05-12 05:39:12+00:00,AdreanaInLB,"#Census2010 @DCCensusGal , I got a Skype Out/ Skype In #just for working as an enumerator. My boyfriend also enumerates. He gives",#Census2010,,0,0,@DCCensusGal,,2010-05-12
13833953698,2010-05-12 05:32:06+00:00,AdreanaInLB,#Census2010 When I told the RSO that in fewer than 2 weeks I'd been told 3 different things about when,#Census2010,,0,0,,,2010-05-12
13833825497,2010-05-12 05:28:44+00:00,AdreanaInLB,#Census2010 The manner in which thr RSO tried to lay blame @feet of previous crew leader was Washingtonian in its proportions.,#Census2010,,0,0,,,2010-05-12
13825876691,2010-05-12 02:34:00+00:00,AdreanaInLB,#Census2010 So I just earned two hours woth of pay fromthe US taxpayer for mindless busywork.,#Census2010,,0,0,,,2010-05-12
13820725308,2010-05-12 00:58:54+00:00,ms_genevieve,#2010Census: Be Aware of Fraudulent Schemes http://nixle.us/4MAJM via @Chicago_Police,#2010Census,,0,0,@Chicago_Police,,2010-05-12
13818401323,2010-05-12 00:14:19+00:00,kieltls,That was one of the weirdest experiences ever #census2010,#census2010,,0,0,,,2010-05-12
13815689620,2010-05-11 23:21:19+00:00,DCCensusGal,"On the other hand, it could be me knockin' on your door RT @censuscount Don't be taken by a phony #Census2010 worker http://ping.fm/RpNVJ",#Census2010,,0,0,@censuscount,,2010-05-11
13815335327,2010-05-11 23:14:19+00:00,DCCensusGal,Very cool digital fingerprint gizmo is way cleaner than traditional ink pad method! Hope the machine can read these prints! #Census2010,#Census2010,,0,0,,,2010-05-11
13814950832,2010-05-11 23:06:45+00:00,marajade13,That was my favourite interview yet! =D #2010census #enumeration,#2010census #enumeration,,0,0,,,2010-05-11
13810275106,2010-05-11 21:27:29+00:00,marajade13,Hurrah! A true and complete interview! Had to wait outside for a while... But we're getting there! #2010census #enumeration,#2010census #enumeration,,0,0,,,2010-05-11
13808938731,2010-05-11 20:56:56+00:00,marajade13,Heading out to my appointment. It is time to ENUUUMERAAAATE!!!! #2010census #enumeration #drama,#2010census #enumeration #drama,,0,0,,,2010-05-11
13807093807,2010-05-11 20:14:02+00:00,marajade13,Having a late lunch and getting my papers organized. Leaving before too long for an interview. Hope it goes well... #2010census #enumeration,#2010census #enumeration,,0,0,,,2010-05-11
13804380465,2010-05-11 19:11:48+00:00,AdreanaInLB,#Census2010 I was asked 2 sign &amp; date paperwork signifying that I'd received training that I won't receive 4 another 2 weeks.,#Census2010,,0,0,,,2010-05-11
13804379736,2010-05-11 19:11:47+00:00,AdreanaInLB,#Census2010 So I've just been asked to lie while @admin training 4 Long Beach Census office.,#Census2010,,0,0,,,2010-05-11
13800765126,2010-05-11 17:48:30+00:00,City_of_Irvine,"RT @StandUp4Count Being counted is easy! If u haven’t filled out your form, look for your #2010Census taker! #irvine #oc",#2010Census #irvine #oc,,0,0,@StandUp4Count,,2010-05-11
13798187722,2010-05-11 16:52:18+00:00,marajade13,That jerk hung up on me! Ugh... People are so rude sometimes.... #2010census #enumeration,#2010census #enumeration,,0,0,,,2010-05-11
13796968422,2010-05-11 16:27:08+00:00,HideYoFood,I guess I will start working right now....the best part of this job is makin ur own hours lol... #2010census,#2010census,,0,0,,,2010-05-11
13795708725,2010-05-11 16:02:07+00:00,Keyper81,I'm about to start Day 2 of my Official Census Enumerator training. Let's hear it for Federal employees! #2010Census,#2010Census,,0,0,,,2010-05-11
13792826000,2010-05-11 15:00:29+00:00,StandUp4Count,"Being counted is easy! If u haven’t filled out ur form, look for ur #2010Census taker!",#2010Census,,0,0,,,2010-05-11
13785978004,2010-05-11 12:33:21+00:00,marajade13,Time to hurry off to my meeting! I can't afford to be rocking out to such awesome tunes at a time like this!!! #2010census #enumeration,#2010census #enumeration,,0,0,,,2010-05-11
13783124975,2010-05-11 11:25:08+00:00,JENin140,RT @Gwatson0008: #ACORN #2010Census #census Great background check there Feds http://bit.ly/cYCyPf,#ACORN #2010Census #census,,1,0,@Gwatson0008,,2010-05-11
13764379150,2010-05-11 02:41:55+00:00,byJody,@richardbasile It's not easy for #census2010 workers to turn in a form w/o info; there's checks to catch unscrupulous workers,#census2010,,0,0,@RichardBasile,,2010-05-11
13763556421,2010-05-11 02:25:53+00:00,byJody,@DCCensusGal I share ur concern on using own #for callbacks. Leaving full name and phone for disgruntled citizens...hmmm #census2010,#census2010,,1,0,@DCCensusGal,DCCensusGal,2010-05-11
13763031122,2010-05-11 02:15:40+00:00,byJody,"If you get a #Census2010 visit, please report ur info. When ppl refuse, we go to ur neighbor, landlord or online public records = not fun",#Census2010,,0,0,,,2010-05-11
13757947014,2010-05-11 00:37:19+00:00,marajade13,Super. I have called every single number that I know for each of the houses I have today. Not. One. Interview. #2010census #enumeration,#2010census #enumeration,,0,0,,,2010-05-11
13757676034,2010-05-11 00:31:55+00:00,marajade13,"Shoot. So close to an actual interview.... =/ Ah well, next EQ. #2010census #enumeration",#2010census #enumeration,,0,0,,,2010-05-11
13756551839,2010-05-11 00:10:06+00:00,marajade13,Time to start my calls! #2010census #enumeration,#2010census #enumeration,,0,0,,,2010-05-11
13756503882,2010-05-11 00:09:12+00:00,marajade13,I hate having to explain why I need to enumerate them. It's only ten minutes...& I can call back when it's better!! #2010census #enumeration,#2010census #enumeration,,0,0,,,2010-05-11
15063330764,2010-05-30 20:42:02+00:00,KushCasper,Im nt goin to Niggas Houses until it gets Dark..... #Census2010,#Census2010,,0,0,,,2010-05-30
15050417829,2010-05-30 16:10:02+00:00,StandUp4Count,"No money? If u didn’t return a form, look 4 ur #2010Census taker for federal funding 4 ur university or college community!",#2010Census,,0,0,,,2010-05-30
15007411438,2010-05-30 00:23:36+00:00,im_neato,"Finally, the government knows I exist! Probably still won't get me a lunch date with Obams, though. #census2010",#census2010,,0,0,,,2010-05-30
14991645895,2010-05-29 18:39:40+00:00,DineanR,We filled it out but Chalisse never mailed it !RT @JDBizzyMSW: @Chalisse @DineanR thought u mailed your form??? #Census2010,#Census2010,,0,0,@JDBizzyMSW @Chalisse @DineanR,,2010-05-29
14991189249,2010-05-29 18:29:56+00:00,JDBizzyMSW,@Chalisse @DineanR thought u mailed your form??? #Census2010,#Census2010,,0,0,@Chalisse @DineanR,,2010-05-29
14987398081,2010-05-29 17:15:51+00:00,DineanR,RT @Chalisse: Census worker knocked on the door. .. frantically looking for the form.. #census2010,#census2010,,0,0,@Chalisse,,2010-05-29
14985969908,2010-05-29 16:50:03+00:00,StandUp4Count,"Being counted is easy! If u haven’t filled out ur form, look for ur #2010Census taker!",#2010Census,,0,0,,,2010-05-29
14939879685,2010-05-28 23:46:42+00:00,MuliebritySmith,Retiring from Census 2010. I have enjoyed upholding the Constitution. And the money. Goodbye #Census2010,#Census2010,,0,0,,,2010-05-28
14933957966,2010-05-28 21:44:50+00:00,nakasec,"RT @krcla CIR supporters chanting: ""Flip flop, flip flop, when will John McCain stop?!"" http://twitpic.com/1rx3ig #census2010 #altoarizona",#census2010 #altoarizona,,0,0,@krcla,,2010-05-28
14931761775,2010-05-28 20:58:33+00:00,arreola,Was told by my CL not to wear any blue or red clothing tomorrow due to the neighborhood we are going to be enumerating #census2010,#census2010,,0,0,,,2010-05-28
14929905579,2010-05-28 20:19:21+00:00,DougH,Anyone else get a census taker ring their doorbell even though you mailed in the form? Get your act together folks #census2010,#census2010,,0,0,,,2010-05-28
14921747384,2010-05-28 17:43:15+00:00,arreola,is getting sent to help the South Central LA district because i did such a good job in my district #census2010 #fail,#census2010 #fail,,0,0,,,2010-05-28
14918952180,2010-05-28 16:55:33+00:00,roamenumerator,Just because you live in a gated community doesn't mean you don't need to be counted! #census2010,#census2010,,0,0,,,2010-05-28
14918167043,2010-05-28 16:42:41+00:00,CHInfoNews,an encounter with a #2010Census Bureau worker in Crown Heights: http://tinyurl.com/39ju69c,#2010Census,,1,0,,,2010-05-28
14916057782,2010-05-28 16:09:01+00:00,Studebaker,#Census2010 workers can DEMAND AND GET entrance to #rentals in #renters absence?! http://ht.ly/1Re2V #TCOT . k/t #TeaParty #Patriots @ning,#Census2010 #rentals #renters #TCOT #TeaParty #Patriots,,0,0,,,2010-05-28
14912603416,2010-05-28 15:15:08+00:00,StandUp4Count,What can 10min & a #2010Census taker get you? More funding 4 ur school’s community! Look 4 ur Census taker if u didn’t fill out a form!,#2010Census,,0,0,,,2010-05-28
14864263819,2010-05-27 22:45:55+00:00,BoroParkHQ,"#2010Census All Over BoroPark Going around, Please Take One And Fill it out!",#2010Census,,0,0,,,2010-05-27
14860510148,2010-05-27 21:31:56+00:00,mckhendry,@JeffHandley Why not participate? Shouldn't we be more worried about Google and Facebook? #2010census,#2010census,,1,0,@JeffHandley,JeffHandley,2010-05-27
14854832989,2010-05-27 19:35:02+00:00,StandUp4Count,"Did u know more than $400B in yearly fed. funding is allocated frm #2010census data? If u didn’t return a form, look 4 ur Census taker!",#2010census,,0,0,,,2010-05-27
14852891947,2010-05-27 18:52:11+00:00,Moore_Agency,Forgot to return ur #2010Census form? Follow @standup4count for info about census workers who can help!,#2010Census,,0,0,@StandUp4Count,,2010-05-27
14849914232,2010-05-27 17:52:39+00:00,BOOMN,Out in the streets makn sure every one is counted #2010CENSUS !!!!,#2010CENSUS,,0,0,,,2010-05-27
14806288885,2010-05-27 02:33:41+00:00,DCCensusGal,Feelin' like the pass around gal. Now waiting for my third potential crew leader to call with an assignment #Census2010,#Census2010,,0,0,,,2010-05-27
14804172428,2010-05-27 01:59:09+00:00,katenesse,looks like a useful resource: RT @ProximityOne: historical city/county demographics http://bit.ly/Patterns052610 #2010census #demographics,#2010census #demographics,,0,0,@ProximityOne,,2010-05-27
14777508709,2010-05-26 17:31:25+00:00,fishbits,Worst. Run. Census. Ever. http://bit.ly/bOXdjS #census2010,#census2010,,0,0,,,2010-05-26
14774864628,2010-05-26 16:43:25+00:00,pbinfinity,#census2010 worker badges should have #qrcodes that go to a .gov website with their profiles and pictures for verification,#census2010 #qrcodes,,0,0,,,2010-05-26
14774508159,2010-05-26 16:36:56+00:00,roamenumerator,An early morning phone call from an NV i left. At least people are following up. Thanks citizen. #census2010,#census2010,,0,0,,,2010-05-26
14767267276,2010-05-26 14:38:44+00:00,nakasec,@uscensusbureau director Robert Groves is at Super H Mart in Fairfax to talk about #census2010 today with an actual door!,#census2010,,0,0,@uscensusbureau,,2010-05-26
14763491158,2010-05-26 13:37:11+00:00,ChrisZeilinger,"Today, I'm leading sessions on #census2010 and social media in #transit, all at #ctaaexpo. Great presenters, and many other good sessions.",#census2010 #transit #ctaaexpo,,0,0,,,2010-05-26
14747737224,2010-05-26 07:10:06+00:00,RadChipmunk,So is it odd or awesome I answered the #2010Census today in a #Hamlet2 #RockMeSexyJesus shirt?,#2010Census #Hamlet2 #RockMeSexyJesus,,0,0,,,2010-05-26
14739143537,2010-05-26 03:43:52+00:00,one39,"Anybody else get a 'CONFIDENTIALITY AND ETHICS REMINDER, Social Networking and Census Employment' letter with their payroll? #census2010",#census2010,,0,0,,,2010-05-26
14734033479,2010-05-26 02:16:43+00:00,FuckYeahCensus,Are your census stories better/sadder/scarier than ours? fy2010census at gmail. #census2010 #enumernation,#census2010 #enumernation,,1,0,,,2010-05-26
14733758206,2010-05-26 02:11:55+00:00,CoreyCo,#2010Census don't play no games did they just knock on me @LinquanJ n @Mikejallday door askin us for our info #damn,#2010Census #damn,,0,0,@LinquanJ @mikejallday,,2010-05-26
14708250366,2010-05-25 17:55:08+00:00,StandUp4Count,"Make a difference for ur school’s community. If u didn’t return a form, look 4 ur #2010Census taker!",#2010Census,,0,0,,,2010-05-25
14705025827,2010-05-25 16:53:52+00:00,mmahaffie,RT @uscb_philly: #2010Census effort to count all households by sending Census Takers to homes that didn't return forms &gt; 50% complete!,#2010Census,,0,0,,,2010-05-25
14699376522,2010-05-25 15:19:04+00:00,linux_colonel,One of my respondents has call-blocked me #census2010,#census2010,,0,0,,,2010-05-25
14697797606,2010-05-25 14:53:58+00:00,jenayemarnique,RT @uscb_philly: #2010Census effort to count all households by sending Census Takers to homes that didn't return (cont) http://tl.gd/1fsml0,#2010Census,,0,0,,,2010-05-25
14695074308,2010-05-25 14:09:55+00:00,vervecam,"@uscb_philly 50% complete? is that nationwide, or are you speaking only about Philly?? #2010Census",#2010Census,,0,0,,,2010-05-25
14693096559,2010-05-25 13:36:26+00:00,one39,Do you ever feel like you're being punished? #census2010,#census2010,,0,0,,,2010-05-25
14658236157,2010-05-25 00:36:50+00:00,sperel_canuck,#2010Census - the form &amp; the personal visit weren't enough - needed a call too. I guess this is #BHO's answer to #unemployment.,#2010Census #BHO #unemployment,,0,0,,,2010-05-25
14657465610,2010-05-25 00:23:11+00:00,Mind_yaDAMN_Biz,#iknowsomeonethat needa stop being a band wager nigga. #CENSUS2010 hat every day though with your waredrobe.,#iknowsomeonethat #CENSUS2010,,0,0,,,2010-05-25
14656294785,2010-05-25 00:01:56+00:00,LRCoyle,"The #Census2010 taker got me! And, interestingly enough, it was Steve Buscemi.",#Census2010,,0,0,,,2010-05-25
14637884670,2010-05-24 17:52:51+00:00,salsan120,‎​He gonna leave you out that #2010Census and u gonna end up lost in tha hood,#2010Census,,0,0,,,2010-05-24
14628668670,2010-05-24 15:05:15+00:00,StandUp4Count,"Did u know more than $400B in yearly fed. funding is allocated frm #2010census data? If u didn’t return a form, look 4 ur Census taker!",#2010census,,0,0,,,2010-05-24
14608115809,2010-05-24 07:10:22+00:00,awwyiss,I am not looking forward to trying to make 24 hours of work this week. Time to get my stalker on and get paid for it #census2010,#census2010,,0,0,,,2010-05-24
14580848359,2010-05-23 21:50:48+00:00,CARAMEL_BODY,DAyumm this #census2010 no joke they ass REALLY CAME TO MY DOOR TO FILL IT OUT LOL..i had forget to send it..lol they was knockin to..,#census2010,,0,0,,,2010-05-23
14573178453,2010-05-23 19:00:12+00:00,YidNews,"CROWN HEIGHTS - Fake #2010Census Bureau workers have robbed a Crown Heights apt at gunpoint on Friday, According to a @ChInfoNews report.",#2010Census,,0,0,@CHInfoNews,,2010-05-23
14572471702,2010-05-23 18:44:25+00:00,MisterOcean,"RT @PhiLLyyPhiLLyy: Its sunday!!! Really??!? #census2010 - Jobs Don't Stop Women! Let Us Do Our Job, Its Only 10 Mins, Actually Less Lol",#census2010,,0,0,@PhiLLyyPhiLLyy,,2010-05-23
14566799994,2010-05-23 16:45:03+00:00,StandUp4Count,#2010Census helps community planning! Look 4 ur Census taker if u didn’t fill out a form to ensure a better tomorrow 4 ur family,#2010Census,,1,0,,,2010-05-23
14555048235,2010-05-23 12:58:14+00:00,marajade13,Packing up my paperwork taking my stuff out and saying goodbye. #2010census... http://twitpic.com/1qc5ko,#2010census,,0,0,,,2010-05-23
14554507127,2010-05-23 12:45:23+00:00,marajade13,Doing my very last D-308. . . . . Shit... I messed up... -_-;; Time to grab another... #2010census,#2010census,,0,0,,,2010-05-23
14506694781,2010-05-22 17:35:37+00:00,yayponies,RT @shananaomi: we are so motherfucking counted. #2010census #qa #stillgay,#2010census #qa #stillgay,,0,0,@shananaomi,,2010-05-22
14498929815,2010-05-22 15:15:04+00:00,StandUp4Count,Did you know that the #2010Census will determine funding 4 ur college /university community?,#2010Census,,0,0,,,2010-05-22
14493676055,2010-05-22 13:37:03+00:00,marajade13,"Well, nothing good lasts forever. Today is my last day working for the Census. It was good while it lasted. #2010census #enumeration",#2010census #enumeration,,0,0,,,2010-05-22
14460694727,2010-05-22 00:01:55+00:00,Howl_saya,I drove 118 miles around the #Region for the #2010Census...longest day ever!,#Region #2010Census,,0,0,,,2010-05-22
14455073961,2010-05-21 22:01:41+00:00,Swizzie,The best part about where I live. 9 times out of 10 I'm the darkest person getting off my stop. #imnotracist #census2010 lol,#imnotracist #census2010,,0,0,,,2010-05-21
14450451513,2010-05-21 20:19:03+00:00,awwyiss,I am eating cookie dough and doing Census work on the computer. How is this a job #census2010,#census2010,,0,0,,,2010-05-21
14448915375,2010-05-21 19:45:59+00:00,beccathon,"Working for #Census2010 is great. Too bad the higher-ups are clearly trying to skim &amp; shuffle a lot off the top via bogus, shifty maneuvers.",#Census2010,,0,0,,,2010-05-21
14446120610,2010-05-21 18:46:44+00:00,yungk1ll,Studying for my #census2010 employment test.,#census2010,,0,0,,,2010-05-21
14446050733,2010-05-21 18:45:19+00:00,StandUp4Count,Want more funding 4 ur college community? Look 4 ur #2010Census taker if u didn’t fill out a form!,#2010Census,,0,0,,,2010-05-21
14440431701,2010-05-21 16:57:59+00:00,awwyiss,"I just did my first Census interview by phone, and I have to say: Crap, that was easy. Why can't we do them all like that? #census2010",#census2010,,0,0,,,2010-05-21
14429366276,2010-05-21 13:57:11+00:00,eldiariony,¿No me conté en el #censo y ahora qué? Julissa Gutierrez y Valeria Treves nos dicen que hacer. http://bit.ly/bGtjww #census2010 #hispanic,#censo #censo #census2010 #hispanic,,0,0,,,2010-05-21
14427288292,2010-05-21 13:20:10+00:00,DCCensusGal,"Looks like I'm back in the #2010Census game. If you complain to the right people, positive actions can follow.",#2010Census,,0,0,,,2010-05-21
14423742334,2010-05-21 12:10:20+00:00,marajade13,TO THE MEETING!!!! -dashes off dramatically- #lessexcitingthanitseems #paperwork #governmentjobs #2010census,#lessexcitingthanitseems #paperwork #governmentjobs #2010census,,0,0,,,2010-05-21
14411652666,2010-05-21 06:31:52+00:00,oh_ok_,RT @DST1ned_2Endure: Bye!!! --I didn't know little specs on the AR map can wave bye #squintseyes uh uh uh --found ya -- nah -- #census2010,#squintseyes #census2010,,0,0,,,2010-05-21
14394929835,2010-05-21 00:47:37+00:00,AdreanaInLB,#Census2010 CL tried to fire me today for writing Census notes in the AA binder. This is just crazy.,#Census2010,,0,0,,,2010-05-21
15128697248,2010-05-31 19:53:16+00:00,YehudaCeitlin,Only 40% of Crown Heights Jewish residents filled the #2010Census forms. http://bit.ly/d4cv0L,#2010Census,,0,0,,,2010-05-31
15122468683,2010-05-31 17:45:04+00:00,StandUp4Count,"Your voice can be heard! If u didn’t return a form, look 4 ur #2010Census taker to make a difference for ur college community!",#2010Census,,0,0,,,2010-05-31
